Train,Vallidation
0.747143,0.738462
0.864286,0.876923
0.891429,0.853846
0.927143,0.876923
0.950000,0.900000
0.955714,0.930769
0.968571,0.915385
0.990000,0.961538
0.992857,0.961538
0.992857,0.969231
0.991429,0.953846
0.994286,0.961538
0.995714,0.961538
0.997143,0.969231
