Train,Vallidation
0.735714,0.646154
0.855714,0.800000
0.901429,0.853846
0.931429,0.892308
0.962857,0.900000
0.965714,0.915385
0.980000,0.946154
0.985714,0.946154
0.987143,0.938462
