Train,Vallidation
0.734286,0.700000
0.842857,0.846154
0.877143,0.823077
0.908571,0.861538
0.934286,0.907692
0.957143,0.907692
0.962857,0.915385
0.978571,0.930769
0.988571,0.969231
0.992857,0.961538
0.990000,0.969231
0.992857,0.961538
0.990000,0.938462
0.995714,0.961538
